bowlin | Christopher B Wilson
ychoi01 | Youngjoon Choi
vsingh | Vishwakarma Singh
ytchuang | Yung-Ting Chuang
haberer | Elaine D Haberer
rebecca_reitz | Rebecca Reitz
climan | Christopher D Liman
k_tesei | Kevin Tesei
peterhuang | Peter Huang
sayan | Sayan Ranu
jhshin | Jaehyuk Shin
diebold | Roger M Diebold
brynjar | Brynjar Gretarsson
sivabalan | Sivabalan  Narayanan
jjw1 | James J Washington
oshin | Oshin Nazarian
goncalosoares | Goncalo Soares
vinod | Vinod Kone
pllab | Ben Hardekopf
chsegal | Carrie Segal
alsinan | Ahmad Alsinan
ef99 | Enrico Ferri
saiph | Norma S Savage
nphilips | Noah Philips
carmichael | Scott P Carmichael
nagy | Nagy H Mostafa
pschmitt | Paul Schmitt
mschmidt | Mathew C Schmidt
xiazhou | Xia Zhou
yangli | Yang Li
chatkeon | Leah Chatkeonopadol
mozten | Metehan Ozten
xin_jin | Xin Jin
jedouglas | Jason E. Douglas
msm | Marc S Mendonca
jbrown00 | Jonathan Brown
stoltzie | Nicholas G Stoltz
ndereli | Nazli Dereli
vineeth | Vineeth Kashyap
sloire | Sophie Loire
navyasri | Navyasri Canumalla
domagoj | Domagoj Baricevic
hwassel | Hassan M Wassel
metwally | Ahmed Metwally
valindogan | Vincent Michael T Alindogan
efivash | Eric T Fivash
qingyun_liu | Qingyun Liu
huffmire | Theodore Huffmire
nathancrandall | Nathan R Crandall
amir | Amir Michael
graham | Graham Hughes
jasen | Jasen Hall
vfragoso | Victor M Fragoso
klopker | Karl Lopker
vj | Vijayaraghavan Subbaiah
gangw | Gang Wang
jadler | Jonathan F. Adler
mariya | Mariya Z Zheleva
romankazarin | Roman Kazarin
blanerhoads | Blane A Rhoads
liangxia | Liang Xia
anika | Ana Nika
mathieu | Mathieu Rodrigue
jaknapp | Jonathan A Knapp
alexw | Alexander J Williams
llamontagne | Leo Lamontagne
davidj | David L Johnson
petko | Petko B Bogdanov
wics | Women in Computer Science
cgetzen | Charles Getzen
johnwsimpsonporco | John W. Simpson-Porco
maxime | Maxime Theillard
rmcginley | Ryan J Mcginley
llama | Josh Johnson
yuf | Fang Yu
rsd | Ryan Dixon
mwittie | Mike Wittie
nlmarks | Nicholas L. Marks
jao | Jeff Oakes
sandra | Sandra H Dandach
mvgeorge | Michael V Georgescu
ethan | Ethan  Jacobson Goldberg
kyleklein | Kyle T Klein
achutammurarka | Achutam Murarka
nanli | Nan Li
cbudak | Ceren Budak
vvasquez | Vivian M Vasquez
vivek_patel | Vivek Patel
saipriya | Saipriya Kumar
mbaranski | Maciej K Baranski
nurmi | Daniel C Nurmi
dnath | Dibyendu Nath
nitin | Nitin Kataria
sraje | Saili Raje
bstone | Brett D Stone-Gross
sujaysundaram | Sujay Sundaram
ntreat | Neil D Treat
salolivares | Sal Olivares
masui | Hisashi Masui
teogeorgiou | Theodore Georgiou
aki-ya | Akifumi Yamamoto
nawab | Faisal Nawab
yunteng.cs | Yun Teng
kbhattacharjee | Kasturi Bhattacharjee
mingjia | Mingjia Han
varunjain | Varun Jain
mwhite | Mark E White
dskadden | Daniel R Skadden
mwegiel | Michal Wegiel
jwilliam | Jesse R Williams
laradeek | Lara Deek
susmit | Susmit Biswas
veronika | Veronika Strnadova
gong | Wenrui Gong
yibo | Yibo Zhu
weibin | Weibin Zhang
gdouglas | Geoffrey J Douglas
jacobanderson | Jacob Anderson
connor00 | Connor Armbrust Mulcahey
austintajiri | Austin M. Tajiri
kevintran | Kevin Tran
zborden | Zachary H Borden
wei | Zhang Wei
manuelperez | Manuel A. Perez
mbudisic | Marko Budisic
nicholasvaughan | Nicholas M Vaughan
sliao | Steven Liao
berutten | Brian E Ruttenberg
raghu | Raghuraman C Mudumbai
evin | Evin Sellin
chall01 | Christopher K Hall
atauke | Anna M Tauke-Pedretti
jmz | Joshua M Zide
sudipto | Sudipto Das
yanick | Yanick Fratantonio
sqyang | Shengqi Yang
bnuernberger | Benjamin Nuernberger
gsoni | Gaurav Soni
k_cox | Kyle D. Cox
a.forbes | Angus Forbes
emorozova | Elena Morozova
dhavey | Daniel M Havey
nadav | Nadav Caspi
valamehr | Jonathan K Valamehr
bgoldsmith | Bryan R. Goldsmith
carammelkamp | Carina A Rammelkamp
korpeoglu | Erdinc Korpeoglu
davidsanders | David M Sanders
jfejt | Jan Fejt
hong | Hong T Nguyen
danar | Dana R Pilaski
nstockman | Nichole R Stockman
lin | Chun-Hung Lin
agharkar | Pushkarini Agharkar
arya | Arya A Pourzanjani
vlasia | Vlasia Anagnostopoulou
zand | Ali Zand
kcash | Kevin J Cash
yuanyang | Yuanyang Zhang
xun | Xun Li
cirf | Ahmad Alsinan
jcoffman | John H Coffman
ouyang | Weimin Ouyang
pengwang | Peng Wang
alex | Svetlin I Bostandjiev
marco | Marco Cova
cmsweeney | Christopher Sweeney
sheng | Sheng Wu
jbrowne | Jeffrey C Browne
tiwari | Mohit Tiwari
betamaz | Bita Mazloom
sheppard | Patrick W Sheppard
aglez | Arturo Gonzalez-Gutierrez
ccoakley | Christopher Coakley
dagun | Daniel Agun
edletts | Edward Letts
mystery | Jianfeng Sun
gateswinkler | Gates R. Winkler
jerryt | Jerry M Thomas
nbj86 | Nicholas B Judy
nanolab | Sumita Pennathur
mirtabatabaei | Seyedeh Anahita Mir Tabatabaei
foschini | Luca Foschini
niksumi | Nikolas B Sumikawa
jbalkind | Jonathan M Balkind
twrod | Timothy W Rodriguez
hongbo | Hongbo Zeng
donghaoren | Donghao Ren
ankit | Ankit Srivastava
kpm | Katherine P Macropol
sohlab | Hyongsok T Soh
arijitkhan | Arijit Khan
changhao_huang | Changhao Huang
osuntokun | Olaoluwa Osuntokun
dmonkow | Adam J Monkowski
jeremy1 | Jeremy D Johansen
dvalenzona | Damon K Valenzona
noemi | Noemi Rebollo
troysteinbauer | Troy W Steinbauer
thuyen | Thuyen Ngo
andrewberls | Andrew H. Berls
ilan | Ilan Ben-Yaacov
jrice | Jeffrey J Rice
xtang | Xun Tang
muath | Muath A Alkhalaf
rmacklin | Richard E Macklin
jpe | Jonathan P Epperlein
saurabh | Saurabh B Das
mtrogdon | Michael Trogdon
bbales | Benjamin Bales
nsumikawa | nik B sumikawa
sywang | Shiyuan Wang
alexking124 | Alexander H. King
nchohan | Navraj S Chohan
dorfler | Florian A Doerfler
agchang | Andrew G. Chang
mfireman | Micha Fireman
justinrushing | Justin S Rushing
ktak | Keishi Takashima
brent | Brent S Gaylord
r_patel | Rushabh Patel
kakuda | Kakuda R Tyler
vivekgoswami | Vivek Goswami
xuyg | Yonggang Xu
rafael | Rafael Oliveira
hatem | Hatem A. Mahmoud
mhoang | Minh X. Hoang
divyashree | Divyashre Hassan Ravindraku
bharath | Bharath Ananthasubramaniam
tobias | Tobias A Schaedler
jamilah | Jamilah A Abdur-Rahim
akleiman | Alan Kleiman
iland | Daniel Iland
bkang | Byungkyu Kang
dvicory | Daniel Vicory
lgchen | Liguo Chen
daniel | Daniel A Vaquero
kyledewey | Kyle Dewey
arvind | Arvind Chitra Rajasekaran
divya_sambasivan | Divya Sambasivan
pgalloway | Paul F. Galloway
donganh | Dong Anh Nguyen Van
maha | Maha A Alabduljalil
invernizzi | Luca Invernizzi
kyle | Kyle Mac Namara
manish | Manish Kumar Mohanlal
xmxu | Xiumei Xu
goodman | Eric D Goodman
jhenkens | Johan B Henkens
dutcher | Andrew Dutcher
cgb | Christopher G Bunch
eakuefner | Ethan Kuefner
chalee21 | Cha Lee
novak | Mark D Novak
me170c | Chris Hammetter
wsun | Weikang Sun
mdetrixhe | Miles L. Detrixhe
kylejorgensen | Kyle W Jorgensen
sanftk | Kevin R Sanft
rwong | Raymond Wong
kapravel | Alexandros Kapravelos
moe | Craig G Moe
mquinn | Michael J Quinn
lkhuu | Lawrence Khuu
bryane | Bryan A Eisenhower
eramirez01 | Edgar Ramirez
rusvika | Viktoria Felmetsger
dkudrow | Daniel N. Kudrow
notnarb | Branton R Horsley
yileiwang | Yilei Wang
bzong | Bo Zong
yazheng | Yan Zheng
linzhou | Lin Zhou
niranjan | Niranjan A Shetty
inanimate | Matthew R Hubert
xiaohanzhao | Xiaohan Zhao
balasubramaniam | Balasubramaniam Muthuvelu
zmr | Zachary Rubin
sun | Yutian Sun
mkedlaya | Madhukar Nagaraja Kedlaya
prakash | Prakash Chandrasekaran
asad | Asad Ismail
xinglunxu | Xinglun Xu
mock | Panuakdet Suwannatat
badams | Benjamin T Adams
gianluca | Gianluca Stringhini
aleksandar | Aleksandar Djuricin
sankalpdayal | Sankalp Dayal
baki | Abdulbaki Aydin
yans | Yan Shoshitaishvili
bolin | Jeffrey Bolin
mdnip | Michael D Nip
theme97 | Michael Fong
rleckie | Rafael Leckie
jfrier | James R Frier
akodzhabashev | Aleksandar Kodzhabashev
garrettweinert | Garrett Weinert
ianwhitfield | Ian M Whitfield
tianjiu | Tianjiu Yin
hangjin | Hangjin Zhang
alugowski | Adam Lugowski
jpeng | Boyang Peng
kevinfrancis | Kevin Francis Francis Paulraj
dpitkin | Dane E Pitkin
bolunwang | Bolun Wang
stephen | Stephen L Smith
efujimoto | Emily Fujimoto
tunay | Tunay Gur
ludimcastillo | Ludim A. Castillo
jsun | Jonathan Sun
mpontin | Michael G Pontin
arghyadip | Arghyadip Paul
niklas | Niklas Karlsson
jkawasaki | Jason K Kawasaki
sgauglitz | Steffen Gauglitz
harith | Surya Harith Vanaparthy
zengbin | Zengbin Zhang
me271 | Salomon M Jimenez-Zapata
jtdo | Jackson T. Del Bonis-O'Donne
gautamkorlam | Gautam Korlam
kaur | Sukhvinder Kaur
jacopo | Jacopo Corbetta 
aelmore | Aaron J Elmore
bdrawert | Brian Drawert
shayan | Shayan Sadigh
edwarddlee | Edward D Lee
mismail | Maged A Ismail
m.mirzadeh | Seyed Mohammad Mirzadeh
varsha | Varsha Parthasarathy
veljko | Veljko Pejovic
kvampola | Kenneth J Vampola
stratos | Efstratios Dimopoulos
dvoita | Don Voita
rajesh | Rajesh Kumar
masedano | Marco A. Sedano
brentkirkland | Brent Kirkland
tylerray | Tyler R. Ray
manasa | Manasa Chandrashekar
klukes | Kari M Lukes
cmmorris | Christina Morris
hegde | Shashank Hegde
otheogarajan | Oana Theogarajan
kelvinjlee | Kelvin J Lee
sbluen | Steven M Bluen
bo | Ivan Bocic
arun | Arun D Qamra
bdunlay | Brian P Dunlay
huansun | Huan Sun
srd | Shaun R De Saint-Erne
danielmayorga | Daniel Mayorga
bang | Lucas Bang
phang | Justin J. Phang
kharras | Khaled A Harras
adelbert_chang | Adelbert Chang
puneet | Puneet Lakhina
heba | Hebatallah A Saadeldeen
victor | Viktor Amelkin
mtdokucu | Mustafa Dokucu
aaronmchang | Aaron Chang
deepakjha | Deepak Jha
arlei | Arlei Lopes Da Silva
jrpeters | Jeffrey Peters
fan_xu | Fan Xu
choruk | Christopher B Horuk
amitp | Amit Pathak
jiejun | Jiejun Xu
